+--------------------------------+---------------------------------------------------------------------------------------------------------------------------------------------------------------------------------------------------------------------------------------------------------------------------------------------------------------------------------------------------------------------------------------------------------------------------------------------+
| Anagrams                       | Players                                                                                                                                                                                                                                                                                                                                                                                                                                     |
+--------------------------------+---------------------------------------------------------------------------------------------------------------------------------------------------------------------------------------------------------------------------------------------------------------------------------------------------------------------------------------------------------------------------------------------------------------------------------------------+
| [BOARD, BROAD]                 | [Jack Board, Chris Broad, Stuart Broad]                                                                                                                                                                                                                                                                                                                                                                                                     |
| [ZADRAN, RAZDAN]               | [Noor Ali Zadran, Shapoor Zadran, Dawlat Zadran, Ibrahim Zadran, Mujeeb Zadran, Sahel Zadran, Vivek Razdan]                                                                                                                                                                                                                                                                                                                                 |
| [HIRA, AHIR]                   | [Ronnie Hira, Natubhai Ahir, Dahyabhai Ahir, Vishal Ahir]                                                                                                                                                                                                                                                                                                                                                                                   |
| [KLINE, KLEIN]                 | [Lindsay Kline, Dieter Klein]                                                                                                                                                                                                                                                                                                                                                                                                               |
| [RATH, HART]                   | [Anshuman Rath, Ron Hart, Matthew Hart, Robbie Hart]                                                                                                                                                                                                                                                                                                                                                                                        |
| [AKMAL, KAMAL]                 | [Adnan Akmal, Umar Akmal, Kamran Akmal, Asim Kamal, Mohsin Kamal, Atif Kamal, Ahmed Kamal]                                                                                                                                                                                                                                                                                                                                                  |
| [THAKER, AKHTER]               | [Harsh Thaker, Noshair Akhter]                                                                                                                                                                                                                                                                                                                                                                                                              |
| [BRAAK, AKBAR]                 | [Daniel ter Braak, Sajjad Akbar]                                                                                                                                                                                                                                                                                                                                                                                                            |
| [BAARD, BADAR]                 | [Stephen Baard, Shahbaz Badar]                                                                                                                                                                                                                                                                                                                                                                                                              |
| [KARNAIN, NAKRANI]             | [Shaul Karnain, Dinesh Nakrani]                                                                                                                                                                                                                                                                                                                                                                                                             |
| [NAIM, MAIN, NIMA, AMIN]       | [Mohammad Naim, Gavin Main, Kezang Nima, Muhammad Amin, Umar Amin, Mohammad Amin]                                                                                                                                                                                                                                                                                                                                                           |
| [RAVI, VIRA]                   | [Vinay Ravi, Jamal Vira]                                                                                                                                                                                                                                                                                                                                                                                                                    |
| [MORE, OMER]                   | [Kiran More, Mustafa Omer]                                                                                                                                                                                                                                                                                                                                                                                                                  |
| [SAAD, ASAD]                   | [Abbas Saad, Ali Asad]                                                                                                                                                                                                                                                                                                                                                                                                                      |
| [SAMAL, ASLAM]                 | [Subhasis Samal, Mohomad Aslam, Mohammad Aslam, Sami Aslam, Naeemuddin Aslam]                                                                                                                                                                                                                                                                                                                                                               |
| [IKRAM, KARIM]                 | [Aamer Ikram, Aasif Karim, Irfan Karim, Saba Karim]                                                                                                                                                                                                                                                                                                                                                                                         |
| [ALAM, LAMA, AMLA]             | [Intikhab Alam, Rafiqul Alam, Shahab Alam, Fawad Alam, Mahbubul Alam, Jahangir Alam, Aftab Alam, Sher Lama, Hashim Amla]                                                                                                                                                                                                                                                                                                                    |
| [NAGEL, ANGEL, LANGE]          | [Lisle Nagel, Jo Angel, Marchant de Lange, Con de Lange]                                                                                                                                                                                                                                                                                                                                                                                    |
| [SARAM, SARMA]                 | [Indika de Saram, Amith Sarma]                                                                                                                                                                                                                                                                                                                                                                                                              |
| [NAIB, NABI]                   | [Gulbadeen Naib, Mohammad Nabi]                                                                                                                                                                                                                                                                                                                                                                                                             |
| [SALVI, SILVA, VILAS]          | [Aavishkar Salvi, Roshen Silva, Shadeep Silva, Stanley de Silva, Somachandra de Silva, Ajit de Silva, Amal Silva, Granville de Silva, Thikshila de Silva, Aravinda de Silva, Asoka de Silva, Edson Silva, Ashley de Silva, Joshua Da Silva, Jayantha Silva, Kevin Silva, Ishan De Silva, Kaushal Silva, Chaturanga de Silva, Roy Silva, Sajeewa de Silva, Lanka de Silva, Chamara Silva, Sujeewa de Silva, Dhananjaya de Silva, Dane Vilas] |
| [MASIH, SHAMI]                 | [Patras Masih, Mohammed Shami]                                                                                                                                                                                                                                                                                                                                                                                                              |
| [ARUDIN, DURANI]               | [Anwar Arudin, Salim Durani]                                                                                                                                                                                                                                                                                                                                                                                                                |
| [ISLAM, SALIM]                 | [Aminul Islam, Anowarul Islam, Shadman Islam, Shafiul Islam, Aminul Islam, Saiful Islam, Manjural Islam, Saud Islam, Maidul Islam, Mazharul Islam, Rafiqul Islam, Kamrul Islam, Sanjamul Islam, Nazmul Islam, Taijul Islam, Jahurul Islam, Naeem Islam, Shoriful Islam, Manjural Islam, Aminul Islam, Sajidul Islam, Robiul Islam, Mohammad Salim]                                                                                          |
| [HALSE, SALEH, HALES]          | [Clive Halse, Rajin Saleh, Alex Hales]                                                                                                                                                                                                                                                                                                                                                                                                      |
| [MEHRA, MAHER]                 | [Vijay Mehra, Vijay Mehra, Jimmy Maher]                                                                                                                                                                                                                                                                                                                                                                                                     |
| [NANDA, ANAND, ADNAN]          | [Ankush Nanda, Surya Anand, Muhammad Adnan]                                                                                                                                                                                                                                                                                                                                                                                                 |
| [WILES, LEWIS]                 | [Archie Wiles, Desmond Lewis, Tony Lewis, Sherman Lewis, Chris Lewis, Plum Lewis, Evin Lewis, Rawl Lewis, Jon Lewis, Mick Lewis]                                                                                                                                                                                                                                                                                                            |
| [SAMAD, ADAMS]                 | [Abdool Samad, Andre Adams, Jimmy Adams, Paul Adams, Chris Adams]                                                                                                                                                                                                                                                                                                                                                                           |
| [BLAIN, ALBIN]                 | [Tony Blain, John Blain, Jacob Albin]                                                                                                                                                                                                                                                                                                                                                                                                       |
| [MADUSANKA, MUSAKANDA]         | [Stephen Madusanka, Tarisai Musakanda]                                                                                                                                                                                                                                                                                                                                                                                                      |
| [MARTIN, MANTRI]               | [Anthony Martin, Bruce Martin, Johnny Martin, Nutty Martin, Gary Martin, Peter Martin, Matthew Martin, Frank Martin, Jason Martin, Jacob Martin, Jack Martin, Chris Martin, Madhav Mantri]                                                                                                                                                                                                                                                  |
| [ROOPE, POORE]                 | [Graham Roope, Robert Poore, Matt Poore]                                                                                                                                                                                                                                                                                                                                                                                                    |
| [DIAS, SAID]                   | [Roy Dias, Ashiqullah Said]                                                                                                                                                                                                                                                                                                                                                                                                                 |
| [BRAUND, DUNBAR]               | [Len Braund, Leslie Dunbar]                                                                                                                                                                                                                                                                                                                                                                                                                 |
| [RAMADHIN, DHARMANI, DHANIRAM] | [Sonny Ramadhin, Pankaj Dharmani, Sunil Dhaniram]                                                                                                                                                                                                                                                                                                                                                                                           |
| [RIZAN, NAZIR]                 | [Ibrahim Rizan, Mohammad Nazir, Aamer Nazir, Michael Nazir, Shahid Nazir, Imran Nazir]                                                                                                                                                                                                                                                                                                                                                      |
| [FLOWER, FOWLER]               | [Andy Flower, Grant Flower, Graeme Fowler]                                                                                                                                                                                                                                                                                                                                                                                                  |
| [DOSHI, SODHI]                 | [Dilip Doshi, Reetinder Sodhi, Ish Sodhi]                                                                                                                                                                                                                                                                                                                                                                                                   |
| [OMAR, ORAM]                   | [Javed Omar, Jacob Oram]                                                                                                                                                                                                                                                                                                                                                                                                                    |
| [DHINGRA, HARDING]             | [Amit Dhingra, Keon Harding]                                                                                                                                                                                                                                                                                                                                                                                                                |
| [FAZAL, AFZAL]                 | [Sohail Fazal, Zahid Fazal, Faiz Fazal, Faran Afzal, Tanvir Afzal]                                                                                                                                                                                                                                                                                                                                                                          |
| [ROCK, CORK]                   | [Neil Rock, Dominic Cork]                                                                                                                                                                                                                                                                                                                                                                                                                   |
| [AHSAN, HASAN]                 | [Haseeb Ahsan, Mohammad Ahsan, Mirza Ahsan, Mehedi Hasan, Shahzaib Hasan, Zakir Hasan, Nayeem Hasan, Saif Hasan, Mehedi Hasan, Raza Hasan, Sakib Hasan, Abul Hasan, Raqibul Hasan, Rakibul Hasan, Nurul Hasan, Zakir Hasan, Shakib Al Hasan, Raqibul Hasan, Waqar Hasan, Khalid Hasan]                                                                                                                                                      |
| [AFRIDI, FARIDI]               | [Shaheen Shah Afridi, Shahid Afridi, Riaz Afridi, Sami Faridi]                                                                                                                                                                                                                                                                                                                                                                              |
| [TECTOR, COTTER]               | [Harry Tector, Sean Cotter, Tibby Cotter]                                                                                                                                                                                                                                                                                                                                                                                                   |
| [SWAMY, SAWMY]                 | [Narain Swamy, Ihyas Sawmy]                                                                                                                                                                                                                                                                                                                                                                                                                 |
| [VARE, REVA]                   | [Jack Vare, John Reva]                                                                                                                                                                                                                                                                                                                                                                                                                      |
| [CAPEL, PLACE]                 | [David Capel, Winston Place]                                                                                                                                                                                                                                                                                                                                                                                                                |
| [RANCE, CRANE]                 | [Seth Rance, Mason Crane]                                                                                                                                                                                                                                                                                                                                                                                                                   |
| [WARNER, WARREN]               | [Plum Warner, David Warner, Arnold Warren]                                                                                                                                                                                                                                                                                                                                                                                                  |
| [HAMMOND, MOHMAND]             | [Jeff Hammond, Wally Hammond, Rafatullah Mohmand]                                                                                                                                                                                                                                                                                                                                                                                           |
| [ASIF, SAFI]                   | [Imran Asif, Mohammad Asif, Bilal Asif, Faizan Asif, Shakerullah Safi]                                                                                                                                                                                                                                                                                                                                                                      |
| [HERON, HORNE]                 | [Jack Heron, Phil Horne, Matt Horne]                                                                                                                                                                                                                                                                                                                                                                                                        |
| [ACKERMANN, RACKEMANN]         | [Colin Ackermann, Carl Rackemann]                                                                                                                                                                                                                                                                                                                                                                                                           |
| [VOGLER, GLOVER]               | [Ernie Vogler, Brandon Glover, George Glover]                                                                                                                                                                                                                                                                                                                                                                                               |
| [HAIG, GHAI]                   | [Nigel Haig, Rajinder Singh Ghai]                                                                                                                                                                                                                                                                                                                                                                                                           |
| [SIMONS, MISSON]               | [Eric Simons, Frank Misson]                                                                                                                                                                                                                                                                                                                                                                                                                 |
+--------------------------------+---------------------------------------------------------------------------------------------------------------------------------------------------------------------------------------------------------------------------------------------------------------------------------------------------------------------------------------------------------------------------------------------------------------------------------------------+
